
CREATE DATABASE QL_CHTL
GO
USE QL_CHTL
GO
CREATE TABLE KHACH
(
TENKH NVARCHAR(50) ,
DCHI NVARCHAR(50),
DIENTHOAI CHAR(11) primary key,
MK CHAR(20),
DIEMTHANHVIEN FLOAT not null default(0)
)
CREATE TABLE NHANVIEN
(
TENNV NVARCHAR(50),
NGAYSINH DATE CHECK(NGAYSINH<GETDATE()),
NGAYLAMVIEC DATE,
DCHI NVARCHAR(50),
DIENTHOAI CHAR(11) primary key,
LUONGCOBAN INT,
MK CHAR(20),
LOAINV NVARCHAR(20),
)

CREATE TABLE NHACC(
MANCC int identity(100000,1) PRIMARY KEY,
TENNCC NVARCHAR(50),
DCHI NVARCHAR(50),
DTHOAI CHAR(10)
)
CREATE TABLE PHIEUNHAP
(
MAPN int identity(100000,1) PRIMARY KEY,
NGAYNHAP DATE,
MANCC int,
TIENNHAP float,
)

CREATE TABLE HANG
(
MAHG int identity(100000,1) PRIMARY KEY,
TENHG NVARCHAR(50),
DVT NVARCHAR(10),
SOLUONG INT not null default(0),
MANCC int,
DONGIA FLOAT,
ANH nvarchar(max),
TINHTRANG NCHAR(10) check(TINHTRANG= N'CÒN HÀNG' OR TINHTRANG= N'HẾT HÀNG')
)

CREATE TABLE CHITIETPN
(
MAPN int NOT NULL,
MAHG int NOT NULL,
SOLUONG INT,
DONGIA float,
TONGCONG float,
PRIMARY KEY(MAPN,MAHG)
)

CREATE TABLE HOADON
(
MAHD int identity(100000,1) NOT NULL PRIMARY KEY,
NGAYBAN DATE,
MANV CHAR(11),
MAKH CHAR(11),
TAMTINH float not null default(0),
GIAMGIA FLOAT not null default(0),
THANHTOAN FLOAT not null default(0)
)

CREATE TABLE CHITIETHD(
MAHD int NOT NULL,
MAHG int NOT NULL,
SOLUONG INT,
DONGIA int,
PRIMARY KEY(MAHD,MAHG)
)

ALTER TABLE PHIEUNHAP
ADD CONSTRAINT FK_PN_NCC FOREIGN KEY(MANCC) REFERENCES NHACC(MANCC)

ALTER TABLE HANG
ADD CONSTRAINT FK_HG_NCC FOREIGN KEY(MANCC) REFERENCES NHACC(MANCC)

ALTER TABLE CHITIETPN
ADD CONSTRAINT  FK_CTPN_PH FOREIGN KEY(MAPN) REFERENCES PHIEUNHAP(MAPN)  

ALTER TABLE CHITIETPN
ADD CONSTRAINT  FK_CTPN_HG FOREIGN KEY(MAHG) REFERENCES HANG(MAHG)  

ALTER TABLE HOADON
ADD CONSTRAINT FK_HD_KH FOREIGN KEY(MAKH) REFERENCES KHACH(DIENTHOAI)

ALTER TABLE HOADON
ADD CONSTRAINT FK_HD_NV FOREIGN KEY(MANV) REFERENCES NHANVIEN(DIENTHOAI)

ALTER TABLE CHITIETHD
ADD CONSTRAINT  FK_CTHD_HG FOREIGN KEY(MAHG) REFERENCES HANG(MAHG)  

ALTER TABLE CHITIETHD
ADD CONSTRAINT  FK_CTHD_HD FOREIGN KEY(MAHD) REFERENCES HOADON(MAHD) 

CREATE TRIGGER trg_NhapHang ON CHITIETPN AFTER INSERT AS 
BEGIN
	UPDATE HANG
	SET DONGIA = 0+(
		SELECT DONGIA
		FROM inserted
		WHERE MAHG = HANG.MAHG
	)
	FROM HANG
	JOIN inserted ON HANG.MAHG = inserted.MAHG
END

CREATE TRIGGER trg_TienNhap ON CHITIETPN AFTER INSERT AS 
BEGIN
	UPDATE PHIEUNHAP
	SET TIENNHAP = PHIEUNHAP.TIENNHAP+(
		SELECT DONGIA*SOLUONG
		FROM inserted
		WHERE MAPN = PHIEUNHAP.MAPN
	)
	FROM PHIEUNHAP
	JOIN inserted ON PHIEUNHAP.MAPN = inserted.MAPN
END

--THÊM TRIGGER NÀY SAU CÙNG
CREATE TRIGGER trg_SoLuong ON CHITIETHD AFTER INSERT AS 
BEGIN
	UPDATE HANG
	SET SOLUONG = HANG.SOLUONG-(
		SELECT SOLUONG
		FROM inserted
		WHERE MAHG = HANG.MAHG
	)
	FROM HANG
	JOIN inserted ON HANG.MAHG = inserted.MAHG
END

--THÊM TRIGGER NÀY SAU CÙNG
CREATE TRIGGER trg_SoLuongNH ON CHITIETPN AFTER INSERT AS 
BEGIN
	UPDATE HANG
	SET SOLUONG = HANG.SOLUONG+(
		SELECT SOLUONG
		FROM inserted
		WHERE MAHG = HANG.MAHG
	)
	FROM HANG
	JOIN inserted ON HANG.MAHG = inserted.MAHG
END


CREATE TRIGGER trg_TamTinh ON CHITIETHD AFTER INSERT AS 
BEGIN
	UPDATE HOADON
	SET TAMTINH = TAMTINH+(
		SELECT DONGIA*SOLUONG
		FROM inserted
		WHERE MAHD = HOADON.MAHD
	)
	FROM HOADON
	JOIN inserted ON HOADON.MAHD = inserted.MAHD
END

CREATE TRIGGER trg_ThanhToan ON HOADON AFTER UPDATE AS 
BEGIN
	UPDATE HOADON
	SET THANHTOAN = TAMTINH-GIAMGIA
END

CREATE TRIGGER trg_TinhTrang on HANG AFTER UPDATE AS
IF(SELECT SOLUONG
   FROM inserted)>0
BEGIN
	UPDATE HANG
	SET TINHTRANG=N'CÒN HÀNG'
	from Hang
	JOIN inserted ON HANG.MAHG = inserted.MAHG
END
ELSE
BEGIN
	 UPDATE HANG
	SET TINHTRANG=N'HẾT HÀNG'
	from Hang
	JOIN inserted ON HANG.MAHG = inserted.MAHG
END
	
create procedure Hoadontheongay
	@Ngayban datetime
	as
	select MAHD,NGAYBAN,THANHTOAN
	from HOADON
	where NGAYBAN = @Ngayban

INSERT INTO KHACH
VALUES 
(N'KHÁCH VÃNG LAI',N'KHÁCH VÃNG LAI','0000000000','123',0),
(N'NGUYỄN CÔNG TẤN',N'155 CẦU KINH PHƯỜNG TÂN TẠO A QUẬN BÌNH TÂN','0932710237','123',0),
(N'NGÔ KHIÊM',N'200 MỸ AN BÀ RỊA VŨNG TÀU','0903213721','123',0),
(N'NGÔ HOÀNG THIÊN TUỆ',N'VÕ VĂN KIỆT QUẬN 1','0234253874','123',0),
(N'NGUYỄN THÀNH NHÂN',N'THÀNH PHỐ TÂY NINH','0988338330','123',0),
(N'TRƯƠNG CÔNG HẬU',N'THÀNH PHỐ TÂY NINH','0124129400','123',0),
(N'TRẦN THỊ ANH THƯ',N'LAGI BÌNH THUẬN','0898749270','123',0),
(N'NGUYỄN THANH  QUANG',N'QUẬN 11 THÀNH PHỐ HỒ CHÍ MINH','0903213722','123',0),
(N'NGUYỄN HUỲNH HUY',N'BẾN TRE','0128393933','123',0),
(N'NGÔ GIA TRÍ',N'198 MỸ AN BÀ RỊA VŨNG TÀU','0903213799','123',0),
(N'NGÔ HUY THẮNG','169 ĐỨC HÒA LONG AN','0933392322','123',0)

SET DATEFORMAT DMY
INSERT INTO NHANVIEN(TENNV,NGAYSINH,NGAYLAMVIEC,DCHI ,DIENTHOAI,LUONGCOBAN,MK,LOAINV )
VALUES 
(N'VÕ THÀNH CÔNG','10/03/1975','15/03/2010',N'THÀNH PHỐ HỒ CHÍ MINH','0127234980',1800000,'123',N'QUẢN LÝ'),
(N'BÙI THÁI BẢO','21/06/2000','25/07/2016',N'THÀNH PHỐ HỒ CHÍ MINH','0906239810',1550000,'123',N'NHÂN VIÊN'),
(N'TRẦN THÀNH ĐẠT','15/09/2001','10/10/2018',N'THÀNH PHỐ BẾN TRE','0209384099',1150000,'123',N'NHÂN VIÊN'),
(N'NGUYỄN MINH TRÍ','03/09/1999','20/11/2015',N'THÀNH PHỐ HỒ CHÍ MINH','0977998448',500000,'123',N'NHÂN VIÊN'),
(N'NGÔ BÌNH MINH','22/10/1998','20/07/2017',N'BẾN TRE','0977467446',1000000,'123','NHÂN VIÊN')


INSERT INTO NHACC
VALUES 
(N'CÔNG TY COCACOLA VIỆT NAM','TPHCM','1800 1999'),
(N'CÔNG TY TNHH THỰC PHẨM PEPSICO VIỆT NAM',N'Bình Dương','1800 2828'),
(N'CÔNG TY NESTLE VIỆT NAM',N'ĐỒNG NAI','1800 6699'),
(N'CÔNG TY MERINO',N'Thành phố Hồ Chí Minh','1800 1212'),
(N'CÔNG TY VINAMILK VIỆT NAM',N' quận 7, Tp. HCM','1800 9899'),
(N'CÔNG TY Đồ Dùng Gia Đình Việt Nam',N' Thuận An, Bình Dương','1800 1122'),
(N'CÔNG TY TNHH XUẤT KHẨU TRÁI CÂY NHIỆT ĐỚI',N'Châu Thành, Bến Tre','1800 1315'),
(N'CÔNG TY Cổ phần Masan',N'Quận 1, Tp. Hồ Chí Minh','1800 8855'),
(N'CÔNG TY TNHH THUỐC LÁ SÀI GÒN',N'Khu công nghiệp Vĩnh Lộc, Huyện Bình Chánh','1800 0099'),
(N'CÔNG TY TNHH GIA LÊ NGUYÊN',N'Quận 04, Tp. Hồ Chí Minh','1800 0908'),
(N'CÔNG TY BÚT BI THIÊN LONG','TPHCM','1800 1888'),
(N'CÔNG TY UNILEVER','TPHCM','1800 1800'),
(N'CÔNG TY ACE-COOK ','TPHCM','1800 6677'),
(N'CÔNG TY BIBICA',N'Đồng Nai','1800 9908'),
(N'CÔNG TY SSL International',N'Nước ngoài','1080 1900')

INSERT INTO HANG(TENHG,DVT,SOLUONG,MANCC,TINHTRANG,ANH)
VALUES(N'Sữa',N'Thùng',100,100004,N'CÒN HÀNG','sua.jpg'),
(N'Linh kiện',N'Thùng',50,100005,N'CÒN HÀNG','linhkienpin.jpg'),
(N'Bánh Nestle',N'Gói',0,100002,N'HẾT HÀNG','banhnestle.jpg'),
(N'Trái Cây',N'Thùng',20,100006,N'CÒN HÀNG','traicay.jpg'),
(N'Tập 100 trang',N'Quyển',0,100010,N'HẾT HÀNG','tap100trang.jpg'),
(N'Nước giải khát Cocacola',N'Thùng',25,100000,N'CÒN HÀNG','coca.jpg'),
(N'Nước lau sàn',N'Chai',0,100005,N'HẾT HÀNG','nuoclaunha.jpg'),
(N'Bánh Snack khoai tây',N'Gói',50,100009,N'CÒN HÀNG','snack.jpg'),
(N'Thuốc lá',N'Gói',0,100008,N'HẾT HÀNG','thuocla.png'),
(N'Bút chì',N'Cây',30,100010,N'CÒN HÀNG','butchi.jpg'),
(N'Bút chì',N'Hộp',300,100010,N'CÒN HÀNG','hopbutchi.jpg'),
(N'Tập 100 trang',N'Thùng',0,100010,N'HẾT HÀNG','tap100trang.jpg'),
(N'Tập 200 trang',N'Cuốn',80,100010,N'CÒN HÀNG','tap200trang.jpg'),
(N'Sổ tay',N'Quyển',0,100010,N'HẾT HÀNG','sotay.jpg'),
(N'Phấn viết bảng',N'Hộp',100,100010,N'CÒN HÀNG','phanvietbang.jpg'),
(N'Phấn không bụi',N'Hộp',0,100010,N'HẾT HÀNG','phanvietbang.jpg'),
(N'Bông Bảng',N'Cái',250,100010,N'CÒN HÀNG','bongbang.jpg'),
(N'Bút lông',N'Cây',0,100010,N'HẾT HÀNG','butlong.jpg'),
(N'Pepsi',N'Lon',0,100001,N'HẾT HÀNG','pepsi.jpg'),
(N'Lavie',N'Chai 500ml',500,100002,N'CÒN HÀNG','lavie.png'),
(N'Fanta',N'Lon',0,100001,N'HẾT HÀNG','fanta.jpg'),
(N'Sprite',N'Lon',700,100001,N'CÒN HÀNG','sprite.jpg'),
(N'7 Up',N'Lon',0,100001,N'HẾT HÀNG','7up.jpg'),
(N'Mirinda',N'Lon',700,100001,N'CÒN HÀNG','mirinda.jpg'),
(N'Mountain Dew',N'Lon',0,100001,N'HẾT HÀNG','MountainDew.jpg'),
(N'Milo',N'Lon',800,100002,N'CÒN HÀNG','Milo.jpg'),
(N'Sữa không đường',N'Hộp',0,100004,N'HẾT HÀNG','suatuoikhongduong.jpg'),
(N'Kem',N'Cây',700,100003,N'CÒN HÀNG','kemmerino.jpg'),
(N'Kẹo sữa',N'Gói',0,100013,N'HẾT HÀNG','keosua.jpg'),
(N'Kitkat Socola ',N'Cây',700,100002,N'CÒN HÀNG','kitkat.jpg'),
(N'Kitkat Matcha',N'Cây',0,100002,N'HẾT HÀNG','kitkatmc.jpg'),
(N'Kitkat Socola',N'Gói',350,100002,N'CÒN HÀNG','kitkat12.jpg'),
(N'Kitkat Matcha',N'Gói',0,100002,N'HẾT HÀNG','kitkatmc12.jpg'),
(N'Kẹo Dẽo',N'Gói',700,100013,N'CÒN HÀNG','keodeo.jpg'),
(N'Mì Hảo Hảo',N'Gói',0,100012,N'HẾT HÀNG','mihaohao.jpg'),
(N'Mì sốt bò',N'Gói',850,100012,N'CÒN HÀNG','misotbo.jpg'),
(N'Mì lẩu thái',N'Gói',70,100012,N'CÒN HÀNG','milauthai.jpg'),
(N'Pin AAA',N'Viên',50,100005,N'CÒN HÀNG','pinaaa.jpg'),
(N'Pin AAA',N'Hộp',200,100005,N'CÒN HÀNG','pinaaa4.jpg'),
(N'Bánh Osca',N'Gói',500,100002,N'CÒN HÀNG','banhosca.jpg'),
(N'Bánh khoai tây',N'Gói',700,100001,N'CÒN HÀNG','banhkhoaiitay.jpg'),
(N'Bánh quế Socola',N'Hộp',110,100013,N'CÒN HÀNG','banhquesocola.jpg'),
(N'Bánh quế Dâu',N'Hộp',110,100013,N'CÒN HÀNG','banhquedau.jpg'),
(N'Bánh quế Dứa',N'Hộp',110,100013,N'CÒN HÀNG','banhquedua.jpg'),
(N'Bánh phô mai',N'Hộp',70,100013,N'CÒN HÀNG','banhphomai.jpg'),
(N'Kem chuối',N'Cây',70,100004,N'CÒN HÀNG','kemchuoi.jpg'),
(N'Yaout',N'Hộp',70,100004,N'CÒN HÀNG','suachua.jpg'),
(N'Khẩu trang',N'Hộp',800,100005,N'CÒN HÀNG','khautrangyte.jpg'),
(N'Khẩu trang 3 lớp',N'Hộp',300,100005,N'CÒN HÀNG','goikhautrang.jpg'),
(N'Bánh ngọt',N'Gói',70,100013,N'CÒN HÀNG','banhhhura.jpg'),
(N'Dầu gội XMen',N'Chai',850,100011,N'CÒN HÀNG','daugoixmen.jpg'),
(N'Dầu gội Clear',N'Chai',900,100011,N'CÒN HÀNG','daugoiclear.jpg'),
(N'Kem chống nắng',N'Chai',110,100011,N'CÒN HÀNG','kemchongnang.jpg'),
(N'Lăng khử mùi Xmen',N'Chai',600,100011,N'CÒN HÀNG','lankhumuixmen.jpg'),
(N'Lăng khử mùi Rexona',N'Chai',700,100011,N'CÒN HÀNG','lankhumuirexona.jpg'),
(N'BCS Durex',N'Hộp',1280,100014,N'CÒN HÀNG','durex.jpg')



SET DATEFORMAT DMY
INSERT INTO PHIEUNHAP
VALUES
('18/08/2020',100004,0),
('03/03/2020',100005,0),
('12/10/2020',100002,0),
('11/11/2020',100006,0),
('01/01/2020',100010,0),
('22/12/2020',100000,0),
('25/10/2020',100005,0),
('11/05/2020',100009,0),
('06/06/2020',100008,0),
('07/04/2020',100010,0),
('22/05/2020',100010,0),
('13/07/2020',100010,0),
('17/08/2020',100010,0),
('05/10/2020',100010,0),
('25/04/2021',100010,0),
('18/08/2020',100010,0),
('03/03/2020',100010,0),
('12/10/2020',100010,0),
('15/02/2020',100001,0),
('20/10/2020',100002,0),
('16/12/2020',100001,0),
('25/11/2020',100001,0),
('26/07/2020',100001,0),
('10/06/2020',100001,0),
('18/03/2020',100001,0),
('22/05/2020',100002,0),
('13/07/2020',100004,0),
('17/08/2020',100003,0),
('05/10/2020',100000,0),
('25/04/2021',100002,0),
('18/08/2020',100002,0),
('03/03/2020',100002,0),
('12/10/2020',100002,0),
('15/02/2020',100013,0),
('20/10/2020',100012,0),
('16/12/2020',100012,0),
('25/11/2020',100012,0),
('26/07/2020',100005,0),
('10/06/2020',100005,0),
('18/03/2020',100002,0),
('22/05/2020',100002,0),
('13/07/2020',100002,0),
('17/08/2020',100013,0),
('05/10/2020',100013,0),
('25/04/2021',100013,0),
('18/08/2020',100004,0),
('03/03/2020',100004,0),
('12/10/2020',100005,0),
('15/02/2020',100013,0),
('20/10/2020',100011,0),
('16/12/2020',100011,0),
('25/11/2020',100011,0),
('26/07/2020',100011,0),
('10/06/2020',100011,0),
('18/03/2020',100011,0),
('18/03/2020',100014,0)


INSERT INTO CHITIETPN
VALUES
('100000','100000',100,7000,700000)
INSERT INTO CHITIETPN
VALUES
('100001','100001',10,60000,600000)
INSERT INTO CHITIETPN
VALUES
('100002','100002',100,75000,7500000)
INSERT INTO CHITIETPN
VALUES
('100003','100003',500,25000,12500000)
INSERT INTO CHITIETPN
VALUES
('100004','100004',10,6000,60000)
INSERT INTO CHITIETPN
VALUES
('100005','100005',20,7000,140000)
INSERT INTO CHITIETPN
VALUES
('100006','100006',30,30000,900000)
INSERT INTO CHITIETPN
VALUES
('100007','100007',100,6000,600000)
INSERT INTO CHITIETPN
VALUES
('100008','100008',40,15000,600000)
INSERT INTO CHITIETPN
VALUES
('100009','100009',25,4000,100000)
INSERT INTO CHITIETPN
VALUES
('100010','100010',60,20000,1200000)
INSERT INTO CHITIETPN
VALUES
('100011','100011',150,5000,750000)
INSERT INTO CHITIETPN
VALUES
('100012','100012',15,8000,120000)
INSERT INTO CHITIETPN
VALUES
('100013','100013',70,10000,700000)
INSERT INTO CHITIETPN
VALUES
('100014','100014',50,12000,600000)
INSERT INTO CHITIETPN
VALUES
('100015','100015',10,12000,120000)
INSERT INTO CHITIETPN
VALUES
('100016','100016',50,3000,150000)
INSERT INTO CHITIETPN
VALUES
('100017','100017',100,10000,1000000)
INSERT INTO CHITIETPN
VALUES
('100018','100018',500,7000,3500000)
INSERT INTO CHITIETPN
VALUES
('100019','100019',1000,4000,4000000)
INSERT INTO CHITIETPN
VALUES
('100020','100020',200,5000,1000000)
INSERT INTO CHITIETPN
VALUES
('100021','100021',300,5000,1500000)
INSERT INTO CHITIETPN
VALUES
('100022','100022',100,5000,500000)
INSERT INTO CHITIETPN
VALUES
('100023','100023',40,5000,200000)
INSERT INTO CHITIETPN
VALUES
('100024','100024',250,5000,1250000)
INSERT INTO CHITIETPN
VALUES
('100025','100025',1000,5000,5000000)
INSERT INTO CHITIETPN
VALUES
('100026','100026',20,8000,160000)
INSERT INTO CHITIETPN
VALUES
('100027','100027',150,8000,1200000)
INSERT INTO CHITIETPN
VALUES
('100028','100028',70,10000,700000)
INSERT INTO CHITIETPN
VALUES
('100029','100029',50,12000,600000)
INSERT INTO CHITIETPN
VALUES
('100030','100030',100,12000,1200000)
INSERT INTO CHITIETPN
VALUES
('100031','100031',20,60000,1200000)
INSERT INTO CHITIETPN
VALUES
('100032','100032',100,60000,6000000)
INSERT INTO CHITIETPN
VALUES
('100033','100033',500,50000,25000000)
INSERT INTO CHITIETPN
VALUES
('100034','100034',1000,2500,2500000)
INSERT INTO CHITIETPN
VALUES
('100035','100035',500,3000,1500000)
INSERT INTO CHITIETPN
VALUES
('100036','100036',300,6000,1800000)
INSERT INTO CHITIETPN
VALUES
('100037','100037',100,5000,500000)
INSERT INTO CHITIETPN
VALUES
('100038','100038',40,75000,3000000)
INSERT INTO CHITIETPN
VALUES
('100039','100039',250,10000,2500000)
INSERT INTO CHITIETPN
VALUES
('100040','100040',60,10000,600000)
INSERT INTO CHITIETPN
VALUES
('100041','100041',100,8000,800000)
INSERT INTO CHITIETPN
VALUES
('100042','100042',150,8000,1200000)
INSERT INTO CHITIETPN
VALUES
('100043','100043',70,8000,560000)
INSERT INTO CHITIETPN
VALUES
('100044','100044',50,12000,600000)
INSERT INTO CHITIETPN
VALUES
('100045','100045',100,10000,1000000)
INSERT INTO CHITIETPN
VALUES
('100046','100046',100,6000,600000)
INSERT INTO CHITIETPN
VALUES
('100047','100047',100,40000,4000000)
INSERT INTO CHITIETPN
VALUES
('100048','100048',500,50000,25000000)
INSERT INTO CHITIETPN
VALUES
('100049','100049',100,6000,600000)
INSERT INTO CHITIETPN
VALUES
('100050','100050',10,75000,750000)
INSERT INTO CHITIETPN
VALUES
('100051','100051',30,40000,1200000)
INSERT INTO CHITIETPN
VALUES
('100052','100052',30,30000,900000)
INSERT INTO CHITIETPN
VALUES
('100053','100053',40,75000,3000000)
INSERT INTO CHITIETPN
VALUES
('100054','100054',30,50000,1500000)
INSERT INTO CHITIETPN
VALUES
('100055','100055',25,40000,1000000)


SET DATEFORMAT DMY
INSERT INTO HOADON
VALUES
('15/05/2019','0127234980','0932710237',0,0,0),
('18/12/2020','0906239810','0903213721',0,0,0),
('05/11/2020','0209384099','0234253874',0,0,0),
('19/06/2019','0977998448','0988338330',0,0,0),
('18/11/2020','0977467446','0124129400',0,0,0),
('22/10/2020','0977998448','0898749270',0,0,0),
('15/03/2019','0209384099','0903213722',0,0,0),
('16/01/2020','0906239810','0128393933',0,0,0),
('13/12/2020','0209384099','0903213799',0,0,0),
('11/09/2019','0127234980','0933392322',0,0,0)


INSERT INTO CHITIETHD
VALUES
('100000','100000',100,50000)
INSERT INTO CHITIETHD
VALUES
('100000','100001',100,50000)
INSERT INTO CHITIETHD
VALUES
('100001','100001',10,600000)
INSERT INTO CHITIETHD
VALUES
('100002','100002',50,200000)
INSERT INTO CHITIETHD
VALUES
('100003','100003',30,50000)
INSERT INTO CHITIETHD
VALUES
('100004','100004',15,80000)
INSERT INTO CHITIETHD
VALUES
('100005','100005',25,75000)
INSERT INTO CHITIETHD
VALUES
('100006','100006',45,20000)
INSERT INTO CHITIETHD
VALUES
('100007','100007',90,100000)
INSERT INTO CHITIETHD
VALUES
('100008','100008',60,250000)
INSERT INTO CHITIETHD
VALUES
('100009','100009',20,50000)

select *from Hang

select * from NHANVIEN

SELECT * FROM NHANVIEN
INSERT INTO NHANVIEN 
VALUES(N'Trần Đình Văn','06/05/2000','05/02/2021',N'Phú Yên','033445669',20000000,'123','NHÂN VIÊN')

select * from NHANVIEN
select * from NHACC
select * from PHIEUNHAP
select * from CHITIETPN
select * from HOADON
select * from CHITIETHD
select * from HANG
